{"cameraMode":{"drawMode":0,"name":"Shaded","section":"Shading Mode"},"sceneLighting":false,"audioPlay":false,"sceneViewState":{"m_AlwaysRefresh":false,"showFog":true,"showSkybox":false,"showFlares":true,"showImageEffects":true,"showParticleSystems":true,"showVisualEffectGraphs":true,"m_FxEnabled":true},"in2DMode":false,"pivot":{"x":0.015658855438232423,"y":1.0469945669174195,"z":-0.05688505992293358},"rotation":{"x":-0.17204055190086366,"y":0.599974513053894,"z":-0.13410449028015138,"w":-0.7697271108627319},"size":1.768971562385559,"orthographic":false}