{"cameraMode":{"drawMode":0,"name":"Shaded","section":"Shading Mode"},"sceneLighting":true,"audioPlay":false,"sceneViewState":{"m_AlwaysRefresh":false,"showFog":true,"showSkybox":true,"showFlares":true,"showImageEffects":true,"showParticleSystems":true,"showVisualEffectGraphs":true,"m_FxEnabled":true},"in2DMode":false,"pivot":{"x":-0.3577323257923126,"y":0.26963546872138979,"z":-0.09982748329639435},"rotation":{"x":-0.16858938336372376,"y":0.5752505660057068,"z":-0.12261030822992325,"w":-0.7909692525863648},"size":1.6855913400650025,"orthographic":false}